P40001_D01_C03_S01_B01_L01,Non-Responder,CD163,9.060013875,819.976669185841
P40001_D01_C03_S01_B01_L01,Non-Responder,CD8,9.060013875,130.353001252992
P40001_D01_C03_S01_B01_L01,Non-Responder,FoxP3,9.060013875,233.001850673214
P40001_D01_C03_S01_B01_L01,Non-Responder,FoxP3CD8,9.060013875,2.53862745877969
P40001_D01_C03_S01_B01_L01,Non-Responder,Other,9.060013875,3859.81748841417
P40001_D01_C03_S01_B01_L01,Non-Responder,Tumor,9.060013875,3206.72798086637
P40002_D01_C01_S01_B01_L01,Responder,CD163,0.48690375,324.499451893726
P40002_D01_C01_S01_B01_L01,Responder,CD8,0.48690375,160.195931947536
P40002_D01_C01_S01_B01_L01,Responder,FoxP3,0.48690375,78.0441719744405
P40002_D01_C01_S01_B01_L01,Responder,FoxP3CD8,0.48690375,4.10758799865476
P40002_D01_C01_S01_B01_L01,Responder,Other,0.48690375,3019.07717901125
P40002_D01_C01_S01_B01_L01,Responder,Tumor,0.48690375,2322.84101323927
P40002_D01_C01_S01_B02_L02,Responder,CD163,7.390328375,776.014232249863
P40002_D01_C01_S01_B02_L02,Responder,CD8,7.390328375,284.290479853001
P40002_D01_C01_S01_B02_L02,Responder,FoxP3,7.390328375,185.106795068494
P40002_D01_C01_S01_B02_L02,Responder,FoxP3CD8,7.390328375,3.38279961747979
P40002_D01_C01_S01_B02_L02,Responder,Other,7.390328375,3066.03426129898
P40002_D01_C01_S01_B02_L02,Responder,Tumor,7.390328375,977.899713421056
P40003_D01_C01_S01_B01_L01,Non-Responder,CD163,21.4900819016803,510.747239131825
P40003_D01_C01_S01_B01_L01,Non-Responder,CD8,21.4900819016803,95.3928425856633
P40003_D01_C01_S01_B01_L01,Non-Responder,FoxP3,21.4900819016803,85.6674259513201
P40003_D01_C01_S01_B01_L01,Non-Responder,FoxP3CD8,21.4900819016803,0.604930221274938
P40003_D01_C01_S01_B01_L01,Non-Responder,Other,21.4900819016803,4885.04420226484
P40003_D01_C01_S01_B01_L01,Non-Responder,Tumor,21.4900819016803,2562.01908638119
P40004_D01_C01_S01_B01_L01,Responder,CD163,4.280663625,650.833666006635
P40004_D01_C01_S01_B01_L01,Responder,CD8,4.280663625,741.941034902036
P40004_D01_C01_S01_B01_L01,Responder,FoxP3,4.280663625,208.846122544843
P40004_D01_C01_S01_B01_L01,Responder,FoxP3CD8,4.280663625,9.81156280412012
P40004_D01_C01_S01_B01_L01,Responder,Other,4.280663625,4277.60777395818
P40004_D01_C01_S01_B01_L01,Responder,Tumor,4.280663625,1579.89522010153
P40007_D01_C01_S01_B01_L01,Non-Responder,CD163,2.440732375,639.562131427867
P40007_D01_C01_S01_B01_L01,Non-Responder,CD8,2.440732375,110.622533943321
P40007_D01_C01_S01_B01_L01,Non-Responder,FoxP3,2.440732375,59.8181109471291
P40007_D01_C01_S01_B01_L01,Non-Responder,FoxP3CD8,2.440732375,1.2291392660369
P40007_D01_C01_S01_B01_L01,Non-Responder,Other,2.440732375,1786.75877972897
P40007_D01_C01_S01_B01_L01,Non-Responder,Tumor,2.440732375,2239.49174271923
P40010_D01_C01_S01_B01_L01,Responder,CD163,1.087727625,558.044115134062
P40010_D01_C01_S01_B01_L01,Responder,CD8,1.087727625,216.046733206762
P40010_D01_C01_S01_B01_L01,Responder,FoxP3,1.087727625,102.966953698542
P40010_D01_C01_S01_B01_L01,Responder,FoxP3CD8,1.087727625,3.67739120351936
P40010_D01_C01_S01_B01_L01,Responder,Other,1.087727625,5795.5685367465
P40010_D01_C01_S01_B01_L01,Responder,Tumor,1.087727625,1034.26627598982
P40011_D01_C01_S01_B01_L01,Non-Responder,CD163,2.7594995,1096.57566526104
P40011_D01_C01_S01_B01_L01,Non-Responder,CD8,2.7594995,163.073050022296
P40011_D01_C01_S01_B01_L01,Non-Responder,FoxP3,2.7594995,128.646517239811
P40011_D01_C01_S01_B01_L01,Non-Responder,FoxP3CD8,2.7594995,1.0871536668153
P40011_D01_C01_S01_B01_L01,Non-Responder,Other,2.7594995,3937.67058120503
P40011_D01_C01_S01_B01_L01,Non-Responder,Tumor,2.7594995,1039.31890547543
P40012_D01_C01_S01_B01_L01,Responder,CD163,185.635405211191,1254.91147410686
P40012_D01_C01_S01_B01_L01,Responder,CD8,185.635405211191,959.574493870641
P40012_D01_C01_S01_B01_L01,Responder,FoxP3,185.635405211191,708.614824043651
P40012_D01_C01_S01_B01_L01,Responder,FoxP3CD8,185.635405211191,47.3670418097049
P40012_D01_C01_S01_B01_L01,Responder,Other,185.635405211191,6630.63707378271
P40012_D01_C01_S01_B01_L01,Responder,Tumor,185.635405211191,1785.34369358556
P40013_D01_C01_S01_B01_L01,Non-Responder,CD163,1.93240225,684.122573341032
P40013_D01_C01_S01_B01_L01,Non-Responder,CD8,1.93240225,386.047987679584
P40013_D01_C01_S01_B01_L01,Non-Responder,FoxP3,1.93240225,97.8057234201627
P40013_D01_C01_S01_B01_L01,Non-Responder,FoxP3CD8,1.93240225,1.55247180032004
P40013_D01_C01_S01_B01_L01,Non-Responder,Other,1.93240225,4433.85946171404
P40013_D01_C01_S01_B01_L01,Non-Responder,Tumor,1.93240225,1453.63109569967
P40014_D01_C01_S01_B01_L01,Responder,CD163,7.894559,2919.22576042563
P40014_D01_C01_S01_B01_L01,Responder,CD8,7.894559,502.87799483163
P40014_D01_C01_S01_B01_L01,Responder,FoxP3,7.894559,198.871146570695
P40014_D01_C01_S01_B01_L01,Responder,FoxP3CD8,7.894559,3.04006848260935
P40014_D01_C01_S01_B01_L01,Responder,Other,7.894559,1607.18287113948
P40014_D01_C01_S01_B01_L01,Responder,Tumor,7.894559,895.046829088237
P40017_D01_C01_S01_B01_L01,Non-Responder,CD163,12.048615125,385.438488309253
P40017_D01_C01_S01_B01_L01,Non-Responder,CD8,12.048615125,85.2380119495269
P40017_D01_C01_S01_B01_L01,Non-Responder,FoxP3,12.048615125,65.3187102281184
P40017_D01_C01_S01_B01_L01,Non-Responder,FoxP3CD8,12.048615125,0.49798254303521
P40017_D01_C01_S01_B01_L01,Non-Responder,Other,12.048615125,2113.76990100346
P40017_D01_C01_S01_B01_L01,Non-Responder,Tumor,12.048615125,1478.92515572407
P40018_D01_C01_S01_B01_L01,Non-Responder,CD163,8.435328,589.781452481753
P40018_D01_C01_S01_B01_L01,Non-Responder,CD8,8.435328,154.232295412816
P40018_D01_C01_S01_B01_L01,Non-Responder,FoxP3,8.435328,178.890494833159
P40018_D01_C01_S01_B01_L01,Non-Responder,FoxP3CD8,8.435328,1.42258842809669
P40018_D01_C01_S01_B01_L01,Non-Responder,Other,8.435328,3111.79363742584
P40018_D01_C01_S01_B01_L01,Non-Responder,Tumor,8.435328,725.520098329312
P40019_D01_C01_S01_B01_L01,Non-Responder,CD163,1.23262425,1537.37037057319
P40019_D01_C01_S01_B01_L01,Non-Responder,CD8,1.23262425,248.250835564853
P40019_D01_C01_S01_B01_L01,Non-Responder,FoxP3,1.23262425,200.38547838078
P40019_D01_C01_S01_B01_L01,Non-Responder,Other,1.23262425,3226.44958510268
P40019_D01_C01_S01_B01_L01,Non-Responder,Tumor,1.23262425,864.010261034537
P40019_D01_C01_S02_B02_L02,Non-Responder,CD163,1.30594933970588,624.067086846991
P40019_D01_C01_S02_B02_L02,Non-Responder,CD8,1.30594933970588,171.522733072056
P40019_D01_C01_S02_B02_L02,Non-Responder,FoxP3,1.30594933970588,32.9262389379394
P40019_D01_C01_S02_B02_L02,Non-Responder,FoxP3CD8,1.30594933970588,2.29717946078647
P40019_D01_C01_S02_B02_L02,Non-Responder,Other,1.30594933970588,3601.97739451318
P40019_D01_C01_S02_B02_L02,Non-Responder,Tumor,1.30594933970588,803.247084788335
P40020_D01_C01_S01_B01_L01,Non-Responder,CD163,1.97073731678628,139.034257719754
P40020_D01_C01_S01_B01_L01,Non-Responder,CD8,1.97073731678628,51.249854122975
P40020_D01_C01_S01_B01_L01,Non-Responder,FoxP3,1.97073731678628,29.9380335965894
P40020_D01_C01_S01_B01_L01,Non-Responder,FoxP3CD8,1.97073731678628,0.507424298247277
P40020_D01_C01_S01_B01_L01,Non-Responder,Other,1.97073731678628,1922.12324176069
P40020_D01_C01_S01_B01_L01,Non-Responder,Tumor,1.97073731678628,3927.46406843393
P40020_D01_C01_S02_B02_L02,Non-Responder,CD163,4.178999875,998.324987985313
P40020_D01_C01_S02_B02_L02,Non-Responder,CD8,4.178999875,60.3015093413948
P40020_D01_C01_S02_B02_L02,Non-Responder,FoxP3,4.178999875,121.799477201468
P40020_D01_C01_S02_B02_L02,Non-Responder,FoxP3CD8,4.178999875,0.239291703735693
P40020_D01_C01_S02_B02_L02,Non-Responder,Other,4.178999875,2242.40255570718
P40020_D01_C01_S02_B02_L02,Non-Responder,Tumor,4.178999875,1442.6896818225
P40020_D01_C01_S03_B03_L03,Non-Responder,CD163,2.43075475,949.499327317986
P40020_D01_C01_S03_B03_L03,Non-Responder,CD8,2.43075475,60.4750438109809
P40020_D01_C01_S03_B03_L03,Non-Responder,FoxP3,2.43075475,202.40626908165
P40020_D01_C01_S03_B03_L03,Non-Responder,FoxP3CD8,2.43075475,0.411394855857013
P40020_D01_C01_S03_B03_L03,Non-Responder,Other,2.43075475,2309.98211563713
P40020_D01_C01_S03_B03_L03,Non-Responder,Tumor,2.43075475,2153.24067555561
P40021_D01_C01_S01_B01_L01,Non-Responder,CD163,0.63961925,195.428764847212
P40021_D01_C01_S01_B01_L01,Non-Responder,CD8,0.63961925,54.7200541572193
P40021_D01_C01_S01_B01_L01,Non-Responder,FoxP3,0.63961925,195.428764847212
P40021_D01_C01_S01_B01_L01,Non-Responder,Other,0.63961925,2260.71995175255
P40021_D01_C01_S01_B01_L01,Non-Responder,Tumor,0.63961925,4047.72057751545
P40021_D01_C01_S02_B02_L02,Non-Responder,CD163,2.94293475,450.910438975924
P40021_D01_C01_S02_B02_L02,Non-Responder,CD8,2.94293475,88.0073878634244
P40021_D01_C01_S02_B02_L02,Non-Responder,FoxP3,2.94293475,217.809790040367
P40021_D01_C01_S02_B02_L02,Non-Responder,FoxP3CD8,2.94293475,1.69898432168773
P40021_D01_C01_S02_B02_L02,Non-Responder,Other,2.94293475,2718.71471156471
P40021_D01_C01_S02_B02_L02,Non-Responder,Tumor,2.94293475,3707.52358678697
P40022_D01_C01_S01_B01_L01,Responder,CD163,5.153540375,345.587667972816
P40022_D01_C01_S01_B01_L01,Responder,CD8,5.153540375,91.7815648237742
P40022_D01_C01_S01_B01_L01,Responder,FoxP3,5.153540375,103.424046619602
P40022_D01_C01_S01_B01_L01,Responder,FoxP3CD8,5.153540375,2.9106204489569
P40022_D01_C01_S01_B01_L01,Responder,Other,5.153540375,2008.32810978026
P40022_D01_C01_S01_B01_L01,Responder,Tumor,5.153540375,458.713782755607
P40023_D01_C01_S01_B01_L01,Non-Responder,CD163,1.9589355,247.072963862261
P40023_D01_C01_S01_B01_L01,Non-Responder,CD8,1.9589355,43.3909130749838
P40023_D01_C01_S01_B01_L01,Non-Responder,FoxP3,1.9589355,105.159154040549
P40023_D01_C01_S01_B01_L01,Non-Responder,Other,1.9589355,3661.68258219834
P40023_D01_C01_S01_B01_L01,Non-Responder,Tumor,1.9589355,1525.82869624855
P40024_D01_C01_S01_B01_L01,Responder,CD163,21.5486945,1119.51097547928
P40024_D01_C01_S01_B01_L01,Responder,CD8,21.5486945,731.970096842758
P40024_D01_C01_S01_B01_L01,Responder,FoxP3,21.5486945,846.454990579592
P40024_D01_C01_S01_B01_L01,Responder,FoxP3CD8,21.5486945,30.3498664385446
P40024_D01_C01_S01_B01_L01,Responder,Other,21.5486945,11724.3761565231
P40024_D01_C01_S01_B01_L01,Responder,Tumor,21.5486945,25.6164010306982
P40028_D01_C01_S01_B01_L01,Responder,CD163,121.94454,1282.96027029993
P40028_D01_C01_S01_B01_L01,Responder,CD8,121.94454,400.411531340395
P40028_D01_C01_S01_B01_L01,Responder,FoxP3,121.94454,107.491487523755
P40028_D01_C01_S01_B01_L01,Responder,FoxP3CD8,121.94454,1.74669567001524
P40028_D01_C01_S01_B01_L01,Responder,Other,121.94454,1646.32217235802
P40028_D01_C01_S01_B01_L01,Responder,Tumor,121.94454,2009.93008789077
P40029_D01_C01_S01_B01_L01,Non-Responder,CD163,14.3390146128217,102.935943637312
P40029_D01_C01_S01_B01_L01,Non-Responder,CD8,14.3390146128217,121.486730227776
P40029_D01_C01_S01_B01_L01,Non-Responder,FoxP3,14.3390146128217,77.1322179287714
P40029_D01_C01_S01_B01_L01,Non-Responder,FoxP3CD8,14.3390146128217,1.53427558266996
P40029_D01_C01_S01_B01_L01,Non-Responder,Other,14.3390146128217,1688.88871752356
P40029_D01_C01_S01_B01_L01,Non-Responder,Tumor,14.3390146128217,3748.86290665561
P40030_D01_C01_S01_B01_L01,Non-Responder,CD163,5.449585375,1211.46831285307
P40030_D01_C01_S01_B01_L01,Non-Responder,CD8,5.449585375,72.4825785484643
P40030_D01_C01_S01_B01_L01,Non-Responder,FoxP3,5.449585375,192.124708203145
P40030_D01_C01_S01_B01_L01,Non-Responder,FoxP3CD8,5.449585375,0.183500198856872
P40030_D01_C01_S01_B01_L01,Non-Responder,Other,5.449585375,3852.21967460231
P40030_D01_C01_S01_B01_L01,Non-Responder,Tumor,5.449585375,1165.40976293999
P40030_D01_C01_S02_B02_L02,Non-Responder,CD163,1.820236375,604.866497077886
P40030_D01_C01_S02_B02_L02,Non-Responder,CD8,1.820236375,73.0674333436502
P40030_D01_C01_S02_B02_L02,Non-Responder,FoxP3,1.820236375,128.554732348979
P40030_D01_C01_S02_B02_L02,Non-Responder,FoxP3CD8,1.820236375,0.549379198072558
P40030_D01_C01_S02_B02_L02,Non-Responder,Other,1.820236375,3731.38351330881
P40030_D01_C01_S02_B02_L02,Non-Responder,Tumor,1.820236375,706.50164872131
P40033_D01_C01_S01_B01_L01,Non-Responder,CD163,131.451052238657,840.670334075136
P40033_D01_C01_S01_B01_L01,Non-Responder,CD8,131.451052238657,202.143684264748
P40033_D01_C01_S01_B01_L01,Non-Responder,FoxP3,131.451052238657,419.958601014269
P40033_D01_C01_S01_B01_L01,Non-Responder,FoxP3CD8,131.451052238657,11.0459366834417
P40033_D01_C01_S01_B01_L01,Non-Responder,Other,131.451052238657,3911.54723559368
P40033_D01_C01_S01_B01_L01,Non-Responder,Tumor,131.451052238657,1437.50085512385
P40034_D01_C01_S01_B01_L01,Non-Responder,CD163,0.693690527272746,89.3770313453088
P40034_D01_C01_S01_B01_L01,Non-Responder,CD8,0.693690527272746,12.9740851952868
P40034_D01_C01_S01_B01_L01,Non-Responder,FoxP3,0.693690527272746,43.2469506509559
P40034_D01_C01_S01_B01_L01,Non-Responder,Other,0.693690527272746,635.730174569051
P40034_D01_C01_S01_B01_L01,Non-Responder,Tumor,0.693690527272746,7824.81493777962
P40037_D01_C01_S01_B01_L01,Non-Responder,CD163,0.226201375,53.0500754029457
P40037_D01_C01_S01_B01_L01,Non-Responder,CD8,0.226201375,1083.10570614348
P40037_D01_C01_S01_B01_L01,Non-Responder,FoxP3,0.226201375,1547.29386591925
P40037_D01_C01_S01_B01_L01,Non-Responder,FoxP3CD8,0.226201375,26.5250377014729
P40037_D01_C01_S01_B01_L01,Non-Responder,Other,0.226201375,13284.623048821
P40037_D01_C01_S01_B01_L01,Non-Responder,Tumor,0.226201375,888.588762999341
P40038_D01_C01_S01_B01_L01,Non-Responder,CD163,2.930487375,115.339176303396
P40038_D01_C01_S01_B01_L01,Non-Responder,CD8,2.930487375,48.4561036540893
P40038_D01_C01_S01_B01_L01,Non-Responder,FoxP3,2.930487375,191.094493283732
P40038_D01_C01_S01_B01_L01,Non-Responder,FoxP3CD8,2.930487375,1.36496066631237
P40038_D01_C01_S01_B01_L01,Non-Responder,Other,2.930487375,4454.20789434385
P40038_D01_C01_S01_B01_L01,Non-Responder,Tumor,2.930487375,1834.84837569041
