P40001_D01_C03_S01_B01_L01,Non-Responder,CD163,0,1,9.060013875,227.372720221138
P40001_D01_C03_S01_B01_L01,Non-Responder,CD163,0,0,9.060013875,579.248561029384
P40001_D01_C03_S01_B01_L01,Non-Responder,CD163,1,0,9.060013875,12.6931372938985
P40001_D01_C03_S01_B01_L01,Non-Responder,CD163,1,1,9.060013875,0.662250641420789
P40001_D01_C03_S01_B01_L01,Non-Responder,CD8,0,0,9.060013875,53.3111766343735
P40001_D01_C03_S01_B01_L01,Non-Responder,CD8,1,1,9.060013875,0.883000855227719
P40001_D01_C03_S01_B01_L01,Non-Responder,CD8,0,1,9.060013875,3.42162831400741
P40001_D01_C03_S01_B01_L01,Non-Responder,CD8,1,0,9.060013875,72.7371954493834
P40001_D01_C03_S01_B01_L01,Non-Responder,FoxP3,1,1,9.060013875,1.76600171045544
P40001_D01_C03_S01_B01_L01,Non-Responder,FoxP3,0,1,9.060013875,6.2913810934975
P40001_D01_C03_S01_B01_L01,Non-Responder,FoxP3,0,0,9.060013875,72.406070128673
P40001_D01_C03_S01_B01_L01,Non-Responder,FoxP3,1,0,9.060013875,152.538397740588
P40001_D01_C03_S01_B01_L01,Non-Responder,FoxP3CD8,1,0,9.060013875,2.31787724497276
P40001_D01_C03_S01_B01_L01,Non-Responder,FoxP3CD8,0,0,9.060013875,0.22075021380693
P40001_D01_C03_S01_B01_L01,Non-Responder,Other,1,1,9.060013875,5.9602557727871
P40001_D01_C03_S01_B01_L01,Non-Responder,Other,0,1,9.060013875,344.811833966424
P40001_D01_C03_S01_B01_L01,Non-Responder,Other,0,0,9.060013875,3112.3572644639
P40001_D01_C03_S01_B01_L01,Non-Responder,Other,1,0,9.060013875,396.688134211053
P40001_D01_C03_S01_B01_L01,Non-Responder,Tumor,0,1,9.060013875,1056.62089838687
P40001_D01_C03_S01_B01_L01,Non-Responder,Tumor,0,0,9.060013875,2076.59726128179
P40001_D01_C03_S01_B01_L01,Non-Responder,Tumor,1,1,9.060013875,7.72625748324254
P40001_D01_C03_S01_B01_L01,Non-Responder,Tumor,1,0,9.060013875,65.7835637144651
P40002_D01_C01_S01_B01_L01,Responder,CD163,0,1,0.48690375,106.797287965024
P40002_D01_C01_S01_B01_L01,Responder,CD163,0,0,0.48690375,213.594575930048
P40002_D01_C01_S01_B01_L01,Responder,CD163,1,0,0.48690375,4.10758799865476
P40002_D01_C01_S01_B01_L01,Responder,CD8,0,0,0.48690375,49.2910559838572
P40002_D01_C01_S01_B01_L01,Responder,CD8,0,1,0.48690375,2.05379399932738
P40002_D01_C01_S01_B01_L01,Responder,CD8,1,0,0.48690375,108.851081964351
P40002_D01_C01_S01_B01_L01,Responder,FoxP3,0,1,0.48690375,2.05379399932738
P40002_D01_C01_S01_B01_L01,Responder,FoxP3,0,0,0.48690375,18.4841459939464
P40002_D01_C01_S01_B01_L01,Responder,FoxP3,1,0,0.48690375,57.5062319811667
P40002_D01_C01_S01_B01_L01,Responder,FoxP3CD8,0,0,0.48690375,2.05379399932738
P40002_D01_C01_S01_B01_L01,Responder,FoxP3CD8,1,0,0.48690375,2.05379399932738
P40002_D01_C01_S01_B01_L01,Responder,Other,0,1,0.48690375,509.340911833191
P40002_D01_C01_S01_B01_L01,Responder,Other,0,0,0.48690375,2326.94860123792
P40002_D01_C01_S01_B01_L01,Responder,Other,1,0,0.48690375,182.787665940137
P40002_D01_C01_S01_B01_L01,Responder,Tumor,0,0,0.48690375,1673.84210945182
P40002_D01_C01_S01_B01_L01,Responder,Tumor,0,1,0.48690375,603.81543580225
P40002_D01_C01_S01_B01_L01,Responder,Tumor,1,0,0.48690375,45.1834679852024
P40002_D01_C01_S01_B02_L02,Responder,CD163,1,1,7.390328375,2.70623969398383
P40002_D01_C01_S01_B02_L02,Responder,CD163,0,0,7.390328375,223.941334677162
P40002_D01_C01_S01_B02_L02,Responder,CD163,0,1,7.390328375,537.18857925579
P40002_D01_C01_S01_B02_L02,Responder,CD163,1,0,7.390328375,12.1780786229272
P40002_D01_C01_S01_B02_L02,Responder,CD8,0,0,7.390328375,68.8738002118884
P40002_D01_C01_S01_B02_L02,Responder,CD8,0,1,7.390328375,14.2077583934151
P40002_D01_C01_S01_B02_L02,Responder,CD8,1,1,7.390328375,8.11871908195148
P40002_D01_C01_S01_B02_L02,Responder,CD8,1,0,7.390328375,193.090202165746
P40002_D01_C01_S01_B02_L02,Responder,FoxP3,0,0,7.390328375,29.0920767103262
P40002_D01_C01_S01_B02_L02,Responder,FoxP3,1,1,7.390328375,11.6368306841305
P40002_D01_C01_S01_B02_L02,Responder,FoxP3,0,1,7.390328375,10.1483988524394
P40002_D01_C01_S01_B02_L02,Responder,FoxP3,1,0,7.390328375,134.229488821598
P40002_D01_C01_S01_B02_L02,Responder,FoxP3CD8,1,0,7.390328375,3.24748763278059
P40002_D01_C01_S01_B02_L02,Responder,FoxP3CD8,0,0,7.390328375,0.135311984699191
P40002_D01_C01_S01_B02_L02,Responder,Other,0,0,7.390328375,1574.21962999039
P40002_D01_C01_S01_B02_L02,Responder,Other,1,1,7.390328375,58.3194654053515
P40002_D01_C01_S01_B02_L02,Responder,Other,0,1,7.390328375,853.953935436597
P40002_D01_C01_S01_B02_L02,Responder,Other,1,0,7.390328375,579.541230466637
P40002_D01_C01_S01_B02_L02,Responder,Tumor,0,0,7.390328375,839.475553073784
P40002_D01_C01_S01_B02_L02,Responder,Tumor,0,1,7.390328375,93.6358934118405
P40002_D01_C01_S01_B02_L02,Responder,Tumor,1,1,7.390328375,2.84155167868302
P40002_D01_C01_S01_B02_L02,Responder,Tumor,1,0,7.390328375,41.9467152567493
P40003_D01_C01_S01_B01_L01,Non-Responder,CD163,0,0,21.4900819016803,175.429764169732
P40003_D01_C01_S01_B01_L01,Non-Responder,CD163,1,1,21.4900819016803,2.00092303960172
P40003_D01_C01_S01_B01_L01,Non-Responder,CD163,0,1,21.4900819016803,320.706083463606
P40003_D01_C01_S01_B01_L01,Non-Responder,CD163,1,0,21.4900819016803,12.6104684588852
P40003_D01_C01_S01_B01_L01,Non-Responder,CD8,0,1,21.4900819016803,6.88689790374545
P40003_D01_C01_S01_B01_L01,Non-Responder,CD8,0,0,21.4900819016803,21.2656239325113
P40003_D01_C01_S01_B01_L01,Non-Responder,CD8,1,1,21.4900819016803,3.16425038820737
P40003_D01_C01_S01_B01_L01,Non-Responder,CD8,1,0,21.4900819016803,64.0760703611992
P40003_D01_C01_S01_B01_L01,Non-Responder,FoxP3,0,0,21.4900819016803,21.1725577446228
P40003_D01_C01_S01_B01_L01,Non-Responder,FoxP3,1,1,21.4900819016803,4.74637558231105
P40003_D01_C01_S01_B01_L01,Non-Responder,FoxP3,0,1,21.4900819016803,9.16701950701252
P40003_D01_C01_S01_B01_L01,Non-Responder,FoxP3,1,0,21.4900819016803,50.5814731173737
P40003_D01_C01_S01_B01_L01,Non-Responder,FoxP3CD8,0,0,21.4900819016803,0.093066187888452
P40003_D01_C01_S01_B01_L01,Non-Responder,FoxP3CD8,0,1,21.4900819016803,0.046533093944226
P40003_D01_C01_S01_B01_L01,Non-Responder,FoxP3CD8,1,0,21.4900819016803,0.46533093944226
P40003_D01_C01_S01_B01_L01,Non-Responder,Other,0,0,21.4900819016803,1951.92369167845
P40003_D01_C01_S01_B01_L01,Non-Responder,Other,1,1,21.4900819016803,29.4089153727508
P40003_D01_C01_S01_B01_L01,Non-Responder,Other,0,1,21.4900819016803,2430.70269527059
P40003_D01_C01_S01_B01_L01,Non-Responder,Other,1,0,21.4900819016803,473.008899943057
P40003_D01_C01_S01_B01_L01,Non-Responder,Tumor,0,1,21.4900819016803,2352.29443197457
P40003_D01_C01_S01_B01_L01,Non-Responder,Tumor,1,1,21.4900819016803,2.79198563665356
P40003_D01_C01_S01_B01_L01,Non-Responder,Tumor,0,0,21.4900819016803,202.698157221048
P40003_D01_C01_S01_B01_L01,Non-Responder,Tumor,1,0,21.4900819016803,4.23451154892457
P40004_D01_C01_S01_B01_L01,Responder,CD163,0,0,4.280663625,386.155078933585
P40004_D01_C01_S01_B01_L01,Responder,CD163,1,1,4.280663625,0.700825914580009
P40004_D01_C01_S01_B01_L01,Responder,CD163,0,1,4.280663625,244.35463555023
P40004_D01_C01_S01_B01_L01,Responder,CD163,1,0,4.280663625,19.6231256082402
P40004_D01_C01_S01_B01_L01,Responder,CD8,1,1,4.280663625,5.1393900402534
P40004_D01_C01_S01_B01_L01,Responder,CD8,0,0,4.280663625,342.236654953238
P40004_D01_C01_S01_B01_L01,Responder,CD8,0,1,4.280663625,34.3404698144204
P40004_D01_C01_S01_B01_L01,Responder,CD8,1,0,4.280663625,360.224520094124
P40004_D01_C01_S01_B01_L01,Responder,FoxP3,1,1,4.280663625,3.50412957290004
P40004_D01_C01_S01_B01_L01,Responder,FoxP3,0,1,4.280663625,7.00825914580009
P40004_D01_C01_S01_B01_L01,Responder,FoxP3,0,0,4.280663625,50.693074487954
P40004_D01_C01_S01_B01_L01,Responder,FoxP3,1,0,4.280663625,147.640659338188
P40004_D01_C01_S01_B01_L01,Responder,FoxP3CD8,1,1,4.280663625,0.233608638193336
P40004_D01_C01_S01_B01_L01,Responder,FoxP3CD8,0,0,4.280663625,1.40165182916002
P40004_D01_C01_S01_B01_L01,Responder,FoxP3CD8,0,1,4.280663625,0.467217276386672
P40004_D01_C01_S01_B01_L01,Responder,FoxP3CD8,1,0,4.280663625,7.70908506038009
P40004_D01_C01_S01_B01_L01,Responder,Other,0,0,4.280663625,2731.58580639468
P40004_D01_C01_S01_B01_L01,Responder,Other,1,1,4.280663625,11.4468232714735
P40004_D01_C01_S01_B01_L01,Responder,Other,0,1,4.280663625,607.616067940868
P40004_D01_C01_S01_B01_L01,Responder,Other,1,0,4.280663625,926.959076351158
P40004_D01_C01_S01_B01_L01,Responder,Tumor,0,0,4.280663625,1141.64541485083
P40004_D01_C01_S01_B01_L01,Responder,Tumor,0,1,4.280663625,380.782080255138
P40004_D01_C01_S01_B01_L01,Responder,Tumor,1,1,4.280663625,1.86886910554669
P40004_D01_C01_S01_B01_L01,Responder,Tumor,1,0,4.280663625,55.598855890014
P40007_D01_C01_S01_B01_L01,Non-Responder,CD163,0,1,2.440732375,201.169126541373
P40007_D01_C01_S01_B01_L01,Non-Responder,CD163,0,0,2.440732375,420.775342073299
P40007_D01_C01_S01_B01_L01,Non-Responder,CD163,1,0,2.440732375,17.6176628131956
P40007_D01_C01_S01_B01_L01,Non-Responder,CD8,0,1,2.440732375,5.73598324150553
P40007_D01_C01_S01_B01_L01,Non-Responder,CD8,0,0,2.440732375,43.8393004886494
P40007_D01_C01_S01_B01_L01,Non-Responder,CD8,1,0,2.440732375,60.2278240358081
P40007_D01_C01_S01_B01_L01,Non-Responder,CD8,1,1,2.440732375,0.819426177357933
P40007_D01_C01_S01_B01_L01,Non-Responder,FoxP3,0,1,2.440732375,0.819426177357933
P40007_D01_C01_S01_B01_L01,Non-Responder,FoxP3,0,0,2.440732375,9.42340103961623
P40007_D01_C01_S01_B01_L01,Non-Responder,FoxP3,1,0,2.440732375,49.575283730155
P40007_D01_C01_S01_B01_L01,Non-Responder,FoxP3CD8,1,0,2.440732375,1.2291392660369
P40007_D01_C01_S01_B01_L01,Non-Responder,Other,0,1,2.440732375,62.2763894792029
P40007_D01_C01_S01_B01_L01,Non-Responder,Other,1,1,2.440732375,2.04856544339483
P40007_D01_C01_S01_B01_L01,Non-Responder,Other,0,0,2.440732375,1516.34814120086
P40007_D01_C01_S01_B01_L01,Non-Responder,Other,1,0,2.440732375,206.08568360552
P40007_D01_C01_S01_B01_L01,Non-Responder,Tumor,0,1,2.440732375,780.503433933432
P40007_D01_C01_S01_B01_L01,Non-Responder,Tumor,1,1,2.440732375,0.409713088678967
P40007_D01_C01_S01_B01_L01,Non-Responder,Tumor,1,0,2.440732375,23.7633591433801
P40007_D01_C01_S01_B01_L01,Non-Responder,Tumor,0,0,2.440732375,1434.81523655374
P40010_D01_C01_S01_B01_L01,Responder,CD163,0,1,1.087727625,64.3543460615887
P40010_D01_C01_S01_B01_L01,Responder,CD163,0,0,1.087727625,472.544769652237
P40010_D01_C01_S01_B01_L01,Responder,CD163,1,0,1.087727625,21.1449994202363
P40010_D01_C01_S01_B01_L01,Responder,CD8,0,1,1.087727625,3.67739120351936
P40010_D01_C01_S01_B01_L01,Responder,CD8,0,0,1.087727625,85.499345481825
P40010_D01_C01_S01_B01_L01,Responder,CD8,1,0,1.087727625,126.869996521418
P40010_D01_C01_S01_B01_L01,Responder,FoxP3,0,1,1.087727625,1.83869560175968
P40010_D01_C01_S01_B01_L01,Responder,FoxP3,0,0,1.087727625,25.7417384246355
P40010_D01_C01_S01_B01_L01,Responder,FoxP3,1,0,1.087727625,75.3865196721468
P40010_D01_C01_S01_B01_L01,Responder,FoxP3CD8,0,1,1.087727625,0.919347800879839
P40010_D01_C01_S01_B01_L01,Responder,FoxP3CD8,0,0,1.087727625,0.919347800879839
P40010_D01_C01_S01_B01_L01,Responder,FoxP3CD8,1,0,1.087727625,1.83869560175968
P40010_D01_C01_S01_B01_L01,Responder,Other,0,0,1.087727625,4836.68878042883
P40010_D01_C01_S01_B01_L01,Responder,Other,1,1,1.087727625,2.75804340263952
P40010_D01_C01_S01_B01_L01,Responder,Other,0,1,1.087727625,148.934343742534
P40010_D01_C01_S01_B01_L01,Responder,Other,1,0,1.087727625,807.187369172499
P40010_D01_C01_S01_B01_L01,Responder,Tumor,0,0,1.087727625,890.848019052564
P40010_D01_C01_S01_B01_L01,Responder,Tumor,1,1,1.087727625,1.83869560175968
P40010_D01_C01_S01_B01_L01,Responder,Tumor,0,1,1.087727625,109.402388304701
P40010_D01_C01_S01_B01_L01,Responder,Tumor,1,0,1.087727625,32.1771730307944
P40011_D01_C01_S01_B01_L01,Non-Responder,CD163,0,0,2.7594995,790.723100330332
P40011_D01_C01_S01_B01_L01,Non-Responder,CD163,1,1,2.7594995,1.81192277802551
P40011_D01_C01_S01_B01_L01,Non-Responder,CD163,0,1,2.7594995,276.861800482298
P40011_D01_C01_S01_B01_L01,Non-Responder,CD163,1,0,2.7594995,27.1788416703826
P40011_D01_C01_S01_B01_L01,Non-Responder,CD8,0,1,2.7594995,2.53669188923571
P40011_D01_C01_S01_B01_L01,Non-Responder,CD8,0,0,2.7594995,43.8485312282173
P40011_D01_C01_S01_B01_L01,Non-Responder,CD8,1,1,2.7594995,1.44953822242041
P40011_D01_C01_S01_B01_L01,Non-Responder,CD8,1,0,2.7594995,115.238288682422
P40011_D01_C01_S01_B01_L01,Non-Responder,FoxP3,1,1,2.7594995,0.362384555605102
P40011_D01_C01_S01_B01_L01,Non-Responder,FoxP3,0,1,2.7594995,1.81192277802551
P40011_D01_C01_S01_B01_L01,Non-Responder,FoxP3,0,0,2.7594995,40.2246856721663
P40011_D01_C01_S01_B01_L01,Non-Responder,FoxP3,1,0,2.7594995,86.2475242340142
P40011_D01_C01_S01_B01_L01,Non-Responder,FoxP3CD8,1,0,2.7594995,1.0871536668153
P40011_D01_C01_S01_B01_L01,Non-Responder,Other,0,1,2.7594995,217.068348807456
P40011_D01_C01_S01_B01_L01,Non-Responder,Other,0,0,2.7594995,3198.76847232623
P40011_D01_C01_S01_B01_L01,Non-Responder,Other,1,1,2.7594995,6.52292200089183
P40011_D01_C01_S01_B01_L01,Non-Responder,Other,1,0,2.7594995,515.310838070454
P40011_D01_C01_S01_B01_L01,Non-Responder,Tumor,0,1,2.7594995,50.3714532291091
P40011_D01_C01_S01_B01_L01,Non-Responder,Tumor,1,1,2.7594995,1.44953822242041
P40011_D01_C01_S01_B01_L01,Non-Responder,Tumor,1,0,2.7594995,30.8026872264336
P40011_D01_C01_S01_B01_L01,Non-Responder,Tumor,0,0,2.7594995,956.695226797468
P40012_D01_C01_S01_B01_L01,Responder,CD163,0,1,185.635405211191,883.031983115029
P40012_D01_C01_S01_B01_L01,Responder,CD163,0,0,185.635405211191,348.83970504618
P40012_D01_C01_S01_B01_L01,Responder,CD163,1,0,185.635405211191,11.032378212928
P40012_D01_C01_S01_B01_L01,Responder,CD163,1,1,185.635405211191,12.0074077327229
P40012_D01_C01_S01_B01_L01,Responder,CD8,0,0,185.635405211191,369.875562917998
P40012_D01_C01_S01_B01_L01,Responder,CD8,1,1,185.635405211191,105.012295352938
P40012_D01_C01_S01_B01_L01,Responder,CD8,0,1,185.635405211191,202.326705712579
P40012_D01_C01_S01_B01_L01,Responder,CD8,1,0,185.635405211191,282.359929887125
P40012_D01_C01_S01_B01_L01,Responder,FoxP3,0,0,185.635405211191,309.649982634534
P40012_D01_C01_S01_B01_L01,Responder,FoxP3,1,1,185.635405211191,45.1153161783554
P40012_D01_C01_S01_B01_L01,Responder,FoxP3,0,1,185.635405211191,161.386239688042
P40012_D01_C01_S01_B01_L01,Responder,FoxP3,1,0,185.635405211191,192.46328554272
P40012_D01_C01_S01_B01_L01,Responder,FoxP3CD8,0,0,185.635405211191,18.8972572123786
P40012_D01_C01_S01_B01_L01,Responder,FoxP3CD8,0,1,185.635405211191,7.55243860084229
P40012_D01_C01_S01_B01_L01,Responder,FoxP3CD8,1,1,185.635405211191,3.61461219769271
P40012_D01_C01_S01_B01_L01,Responder,FoxP3CD8,1,0,185.635405211191,17.3027337987913
P40012_D01_C01_S01_B01_L01,Responder,Other,0,0,185.635405211191,3683.73694243309
P40012_D01_C01_S01_B01_L01,Responder,Other,1,1,185.635405211191,229.460538260684
P40012_D01_C01_S01_B01_L01,Responder,Other,0,1,185.635405211191,1740.8047760736
P40012_D01_C01_S01_B01_L01,Responder,Other,1,0,185.635405211191,976.63481701534
P40012_D01_C01_S01_B01_L01,Responder,Tumor,0,1,185.635405211191,1756.2005460602
P40012_D01_C01_S01_B01_L01,Responder,Tumor,0,0,185.635405211191,17.3188945090642
P40012_D01_C01_S01_B01_L01,Responder,Tumor,1,1,185.635405211191,9.59407499864488
P40012_D01_C01_S01_B01_L01,Responder,Tumor,1,0,185.635405211191,2.23017801765243
P40013_D01_C01_S01_B01_L01,Non-Responder,CD163,0,1,1.93240225,28.4619830058674
P40013_D01_C01_S01_B01_L01,Non-Responder,CD163,0,0,1.93240225,630.821041530044
P40013_D01_C01_S01_B01_L01,Non-Responder,CD163,1,1,1.93240225,0.517490600106681
P40013_D01_C01_S01_B01_L01,Non-Responder,CD163,1,0,1.93240225,24.322058205014
P40013_D01_C01_S01_B01_L01,Non-Responder,CD8,0,0,1.93240225,185.261634838192
P40013_D01_C01_S01_B01_L01,Non-Responder,CD8,0,1,1.93240225,2.06996240042672
P40013_D01_C01_S01_B01_L01,Non-Responder,CD8,1,0,1.93240225,198.716390440965
P40013_D01_C01_S01_B01_L01,Non-Responder,FoxP3,0,1,1.93240225,0.517490600106681
P40013_D01_C01_S01_B01_L01,Non-Responder,FoxP3,1,1,1.93240225,1.03498120021336
P40013_D01_C01_S01_B01_L01,Non-Responder,FoxP3,1,0,1.93240225,73.4836652151487
P40013_D01_C01_S01_B01_L01,Non-Responder,FoxP3,0,0,1.93240225,22.769586404694
P40013_D01_C01_S01_B01_L01,Non-Responder,FoxP3CD8,1,0,1.93240225,1.55247180032004
P40013_D01_C01_S01_B01_L01,Non-Responder,Other,1,1,1.93240225,3.10494360064008
P40013_D01_C01_S01_B01_L01,Non-Responder,Other,0,1,1.93240225,94.1832892194159
P40013_D01_C01_S01_B01_L01,Non-Responder,Other,0,0,1.93240225,3866.68976399712
P40013_D01_C01_S01_B01_L01,Non-Responder,Other,1,0,1.93240225,469.881464896866
P40013_D01_C01_S01_B01_L01,Non-Responder,Tumor,0,0,1.93240225,1313.39114307076
P40013_D01_C01_S01_B01_L01,Non-Responder,Tumor,0,1,1.93240225,100.910667020803
P40013_D01_C01_S01_B01_L01,Non-Responder,Tumor,1,1,1.93240225,0.517490600106681
P40013_D01_C01_S01_B01_L01,Non-Responder,Tumor,1,0,1.93240225,38.811795008001
P40014_D01_C01_S01_B01_L01,Responder,CD163,0,1,7.894559,1980.47794689988
P40014_D01_C01_S01_B01_L01,Responder,CD163,1,1,7.894559,3.67341608315297
P40014_D01_C01_S01_B01_L01,Responder,CD163,0,0,7.894559,899.860270852368
P40014_D01_C01_S01_B01_L01,Responder,CD163,1,0,7.894559,35.214126590225
P40014_D01_C01_S01_B01_L01,Responder,CD8,1,1,7.894559,12.1602739304374
P40014_D01_C01_S01_B01_L01,Responder,CD8,0,0,7.894559,143.389896763074
P40014_D01_C01_S01_B01_L01,Responder,CD8,0,1,7.894559,44.7143405983792
P40014_D01_C01_S01_B01_L01,Responder,CD8,1,0,7.894559,302.613483539739
P40014_D01_C01_S01_B01_L01,Responder,FoxP3,0,0,7.894559,82.7151966309961
P40014_D01_C01_S01_B01_L01,Responder,FoxP3,1,1,7.894559,8.23351880706699
P40014_D01_C01_S01_B01_L01,Responder,FoxP3,0,1,7.894559,30.0206762657673
P40014_D01_C01_S01_B01_L01,Responder,FoxP3,1,0,7.894559,77.9017548668646
P40014_D01_C01_S01_B01_L01,Responder,FoxP3CD8,1,0,7.894559,2.40672088206574
P40014_D01_C01_S01_B01_L01,Responder,FoxP3CD8,0,0,7.894559,0.506678080434892
P40014_D01_C01_S01_B01_L01,Responder,FoxP3CD8,1,1,7.894559,0.126669520108723
P40014_D01_C01_S01_B01_L01,Responder,Other,0,0,7.894559,1104.55821534806
P40014_D01_C01_S01_B01_L01,Responder,Other,1,1,7.894559,3.54674656304424
P40014_D01_C01_S01_B01_L01,Responder,Other,0,1,7.894559,318.700512593547
P40014_D01_C01_S01_B01_L01,Responder,Other,1,0,7.894559,180.377396634822
P40014_D01_C01_S01_B01_L01,Responder,Tumor,1,1,7.894559,8.23351880706699
P40014_D01_C01_S01_B01_L01,Responder,Tumor,0,1,7.894559,663.241607289274
P40014_D01_C01_S01_B01_L01,Responder,Tumor,0,0,7.894559,199.251155131021
P40014_D01_C01_S01_B01_L01,Responder,Tumor,1,0,7.894559,24.3205478608748
P40017_D01_C01_S01_B01_L01,Non-Responder,CD163,0,1,12.048615125,54.1141030098262
P40017_D01_C01_S01_B01_L01,Non-Responder,CD163,1,1,12.048615125,0.746973814552816
P40017_D01_C01_S01_B01_L01,Non-Responder,CD163,1,0,12.048615125,20.168292992926
P40017_D01_C01_S01_B01_L01,Non-Responder,CD163,0,0,12.048615125,310.409118491948
P40017_D01_C01_S01_B01_L01,Non-Responder,CD8,0,0,12.048615125,42.1625219769812
P40017_D01_C01_S01_B01_L01,Non-Responder,CD8,1,1,12.048615125,0.414985452529342
P40017_D01_C01_S01_B01_L01,Non-Responder,CD8,0,1,12.048615125,2.32391853416432
P40017_D01_C01_S01_B01_L01,Non-Responder,CD8,1,0,12.048615125,40.336585985852
P40017_D01_C01_S01_B01_L01,Non-Responder,FoxP3,0,1,12.048615125,0.663976724046947
P40017_D01_C01_S01_B01_L01,Non-Responder,FoxP3,1,1,12.048615125,0.746973814552816
P40017_D01_C01_S01_B01_L01,Non-Responder,FoxP3,0,0,12.048615125,8.96368577463379
P40017_D01_C01_S01_B01_L01,Non-Responder,FoxP3,1,0,12.048615125,54.9440739148849
P40017_D01_C01_S01_B01_L01,Non-Responder,FoxP3CD8,1,0,12.048615125,0.331988362023474
P40017_D01_C01_S01_B01_L01,Non-Responder,FoxP3CD8,0,0,12.048615125,0.165994181011737
P40017_D01_C01_S01_B01_L01,Non-Responder,Other,0,0,12.048615125,1691.89568996213
P40017_D01_C01_S01_B01_L01,Non-Responder,Other,0,1,12.048615125,90.9648111944318
P40017_D01_C01_S01_B01_L01,Non-Responder,Other,1,1,12.048615125,7.22074687401055
P40017_D01_C01_S01_B01_L01,Non-Responder,Other,1,0,12.048615125,323.688652972887
P40017_D01_C01_S01_B01_L01,Non-Responder,Tumor,0,0,12.048615125,1452.69807512421
P40017_D01_C01_S01_B01_L01,Non-Responder,Tumor,0,1,12.048615125,18.2593599112911
P40017_D01_C01_S01_B01_L01,Non-Responder,Tumor,1,1,12.048615125,0.165994181011737
P40017_D01_C01_S01_B01_L01,Non-Responder,Tumor,1,0,12.048615125,7.80172650755163
P40018_D01_C01_S01_B01_L01,Non-Responder,CD163,1,1,8.435328,9.24682478262849
P40018_D01_C01_S01_B01_L01,Non-Responder,CD163,0,0,8.435328,207.223714359418
P40018_D01_C01_S01_B01_L01,Non-Responder,CD163,0,1,8.435328,369.280246126766
P40018_D01_C01_S01_B01_L01,Non-Responder,CD163,1,0,8.435328,4.03066721294062
P40018_D01_C01_S01_B01_L01,Non-Responder,CD8,1,1,8.435328,32.0082396321755
P40018_D01_C01_S01_B01_L01,Non-Responder,CD8,0,1,8.435328,39.8324759867073
P40018_D01_C01_S01_B01_L01,Non-Responder,CD8,0,0,8.435328,39.9510250223821
P40018_D01_C01_S01_B01_L01,Non-Responder,CD8,1,0,8.435328,42.4405547715513
P40018_D01_C01_S01_B01_L01,Non-Responder,FoxP3,0,1,8.435328,22.0501206354987
P40018_D01_C01_S01_B01_L01,Non-Responder,FoxP3,0,0,8.435328,27.3848272408613
P40018_D01_C01_S01_B01_L01,Non-Responder,FoxP3,1,1,8.435328,59.8672630157357
P40018_D01_C01_S01_B01_L01,Non-Responder,FoxP3,1,0,8.435328,69.5882839410631
P40018_D01_C01_S01_B01_L01,Non-Responder,FoxP3CD8,1,1,8.435328,0.592745178373621
P40018_D01_C01_S01_B01_L01,Non-Responder,FoxP3CD8,0,1,8.435328,0.237098071349448
P40018_D01_C01_S01_B01_L01,Non-Responder,FoxP3CD8,1,0,8.435328,0.592745178373621
P40018_D01_C01_S01_B01_L01,Non-Responder,Other,0,1,8.435328,1156.09019589991
P40018_D01_C01_S01_B01_L01,Non-Responder,Other,0,0,8.435328,1508.53647896087
P40018_D01_C01_S01_B01_L01,Non-Responder,Other,1,1,8.435328,218.960068891216
P40018_D01_C01_S01_B01_L01,Non-Responder,Other,1,0,8.435328,228.206893673844
P40018_D01_C01_S01_B01_L01,Non-Responder,Tumor,1,1,8.435328,10.313766103701
P40018_D01_C01_S01_B01_L01,Non-Responder,Tumor,0,1,8.435328,402.118329008664
P40018_D01_C01_S01_B01_L01,Non-Responder,Tumor,0,0,8.435328,305.975061076463
P40018_D01_C01_S01_B01_L01,Non-Responder,Tumor,1,0,8.435328,7.11294214048345
P40019_D01_C01_S01_B01_L01,Non-Responder,CD163,0,0,1.23262425,1129.29791864796
P40019_D01_C01_S01_B01_L01,Non-Responder,CD163,1,1,1.23262425,0.811277240408016
P40019_D01_C01_S01_B01_L01,Non-Responder,CD163,0,1,1.23262425,327.756005124838
P40019_D01_C01_S01_B01_L01,Non-Responder,CD163,1,0,1.23262425,79.5051695599855
P40019_D01_C01_S01_B01_L01,Non-Responder,CD8,0,1,1.23262425,7.30149516367214
P40019_D01_C01_S01_B01_L01,Non-Responder,CD8,0,0,1.23262425,83.5615557620256
P40019_D01_C01_S01_B01_L01,Non-Responder,CD8,1,1,1.23262425,2.43383172122405
P40019_D01_C01_S01_B01_L01,Non-Responder,CD8,1,0,1.23262425,154.953952917931
P40019_D01_C01_S01_B01_L01,Non-Responder,FoxP3,1,1,1.23262425,2.43383172122405
P40019_D01_C01_S01_B01_L01,Non-Responder,FoxP3,0,0,1.23262425,27.5834261738725
P40019_D01_C01_S01_B01_L01,Non-Responder,FoxP3,0,1,1.23262425,4.86766344244809
P40019_D01_C01_S01_B01_L01,Non-Responder,FoxP3,1,0,1.23262425,165.500557043235
P40019_D01_C01_S01_B01_L01,Non-Responder,Other,1,1,1.23262425,4.05638620204008
P40019_D01_C01_S01_B01_L01,Non-Responder,Other,0,0,1.23262425,2363.25060130855
P40019_D01_C01_S01_B01_L01,Non-Responder,Other,0,1,1.23262425,129.804358465283
P40019_D01_C01_S01_B01_L01,Non-Responder,Other,1,0,1.23262425,729.338239126806
P40019_D01_C01_S01_B01_L01,Non-Responder,Tumor,0,1,1.23262425,419.430333290944
P40019_D01_C01_S01_B01_L01,Non-Responder,Tumor,0,0,1.23262425,391.846907117072
P40019_D01_C01_S01_B01_L01,Non-Responder,Tumor,1,0,1.23262425,45.4315254628489
P40019_D01_C01_S01_B01_L01,Non-Responder,Tumor,1,1,1.23262425,7.30149516367214
P40019_D01_C01_S02_B02_L02,Non-Responder,CD163,0,1,1.30594933970588,29.8633329902241
P40019_D01_C01_S02_B02_L02,Non-Responder,CD163,0,0,1.30594933970588,570.466232761973
P40019_D01_C01_S02_B02_L02,Non-Responder,CD163,1,0,1.30594933970588,23.7375210947935
P40019_D01_C01_S02_B02_L02,Non-Responder,CD8,1,1,1.30594933970588,1.53145297385765
P40019_D01_C01_S02_B02_L02,Non-Responder,CD8,0,0,1.30594933970588,104.904528709249
P40019_D01_C01_S02_B02_L02,Non-Responder,CD8,0,1,1.30594933970588,1.53145297385765
P40019_D01_C01_S02_B02_L02,Non-Responder,CD8,1,0,1.30594933970588,63.5552984150923
P40019_D01_C01_S02_B02_L02,Non-Responder,FoxP3,1,0,1.30594933970588,17.6117091993629
P40019_D01_C01_S02_B02_L02,Non-Responder,FoxP3,0,0,1.30594933970588,15.3145297385765
P40019_D01_C01_S02_B02_L02,Non-Responder,FoxP3CD8,1,0,1.30594933970588,1.53145297385765
P40019_D01_C01_S02_B02_L02,Non-Responder,FoxP3CD8,0,0,1.30594933970588,0.765726486928823
P40019_D01_C01_S02_B02_L02,Non-Responder,Other,0,0,1.30594933970588,3061.37449474143
P40019_D01_C01_S02_B02_L02,Non-Responder,Other,1,1,1.30594933970588,3.82863243464412
P40019_D01_C01_S02_B02_L02,Non-Responder,Other,0,1,1.30594933970588,60.492392467377
P40019_D01_C01_S02_B02_L02,Non-Responder,Other,1,0,1.30594933970588,476.281874869728
P40019_D01_C01_S02_B02_L02,Non-Responder,Tumor,0,0,1.30594933970588,508.442387320738
P40019_D01_C01_S02_B02_L02,Non-Responder,Tumor,0,1,1.30594933970588,221.29495472243
P40019_D01_C01_S02_B02_L02,Non-Responder,Tumor,1,1,1.30594933970588,14.5488032516476
P40019_D01_C01_S02_B02_L02,Non-Responder,Tumor,1,0,1.30594933970588,58.9609394935194
P40020_D01_C01_S01_B01_L01,Non-Responder,CD163,0,0,1.97073731678628,98.9477381582191
P40020_D01_C01_S01_B01_L01,Non-Responder,CD163,0,1,1.97073731678628,39.0716709650403
P40020_D01_C01_S01_B01_L01,Non-Responder,CD163,1,0,1.97073731678628,1.01484859649455
P40020_D01_C01_S01_B01_L01,Non-Responder,CD8,0,1,1.97073731678628,3.55197008773094
P40020_D01_C01_S01_B01_L01,Non-Responder,CD8,0,0,1.97073731678628,28.9231850000948
P40020_D01_C01_S01_B01_L01,Non-Responder,CD8,1,0,1.97073731678628,18.7746990351493
P40020_D01_C01_S01_B01_L01,Non-Responder,FoxP3,0,0,1.97073731678628,7.10394017546188
P40020_D01_C01_S01_B01_L01,Non-Responder,FoxP3,1,0,1.97073731678628,22.8340934211275
P40020_D01_C01_S01_B01_L01,Non-Responder,FoxP3CD8,1,0,1.97073731678628,0.507424298247277
P40020_D01_C01_S01_B01_L01,Non-Responder,Other,1,1,1.97073731678628,1.52227289474183
P40020_D01_C01_S01_B01_L01,Non-Responder,Other,0,1,1.97073731678628,73.0690989476079
P40020_D01_C01_S01_B01_L01,Non-Responder,Other,0,0,1.97073731678628,1760.76231491805
P40020_D01_C01_S01_B01_L01,Non-Responder,Other,1,0,1.97073731678628,86.7695550002844
P40020_D01_C01_S01_B01_L01,Non-Responder,Tumor,0,1,1.97073731678628,415.073075966273
P40020_D01_C01_S01_B01_L01,Non-Responder,Tumor,0,0,1.97073731678628,3486.51235325704
P40020_D01_C01_S01_B01_L01,Non-Responder,Tumor,1,1,1.97073731678628,2.53712149123639
P40020_D01_C01_S01_B01_L01,Non-Responder,Tumor,1,0,1.97073731678628,23.3415177193748
P40020_D01_C01_S02_B02_L02,Non-Responder,CD163,0,0,4.178999875,695.14239935219
P40020_D01_C01_S02_B02_L02,Non-Responder,CD163,1,1,4.178999875,0.478583407471387
P40020_D01_C01_S02_B02_L02,Non-Responder,CD163,0,1,4.178999875,273.989000777369
P40020_D01_C01_S02_B02_L02,Non-Responder,CD163,1,0,4.178999875,28.7150044482832
P40020_D01_C01_S02_B02_L02,Non-Responder,CD8,0,0,4.178999875,33.2615468192614
P40020_D01_C01_S02_B02_L02,Non-Responder,CD8,0,1,4.178999875,2.63220874109263
P40020_D01_C01_S02_B02_L02,Non-Responder,CD8,1,0,4.178999875,24.4077537810407
P40020_D01_C01_S02_B02_L02,Non-Responder,FoxP3,0,0,4.178999875,20.1005031137983
P40020_D01_C01_S02_B02_L02,Non-Responder,FoxP3,0,1,4.178999875,1.19645851867847
P40020_D01_C01_S02_B02_L02,Non-Responder,FoxP3,1,1,4.178999875,1.43575022241416
P40020_D01_C01_S02_B02_L02,Non-Responder,FoxP3,1,0,4.178999875,99.0667653465771
P40020_D01_C01_S02_B02_L02,Non-Responder,FoxP3CD8,0,0,4.178999875,0.239291703735693
P40020_D01_C01_S02_B02_L02,Non-Responder,Other,0,0,4.178999875,1858.3393712114
P40020_D01_C01_S02_B02_L02,Non-Responder,Other,0,1,4.178999875,139.746354981645
P40020_D01_C01_S02_B02_L02,Non-Responder,Other,1,1,4.178999875,1.91433362988555
P40020_D01_C01_S02_B02_L02,Non-Responder,Other,1,0,4.178999875,242.402495884257
P40020_D01_C01_S02_B02_L02,Non-Responder,Tumor,0,1,4.178999875,159.368274687972
P40020_D01_C01_S02_B02_L02,Non-Responder,Tumor,1,1,4.178999875,0.957166814942774
P40020_D01_C01_S02_B02_L02,Non-Responder,Tumor,1,0,4.178999875,10.2895432606348
P40020_D01_C01_S02_B02_L02,Non-Responder,Tumor,0,0,4.178999875,1272.07469705895
P40020_D01_C01_S03_B03_L03,Non-Responder,CD163,1,1,2.43075475,0.822789711714026
P40020_D01_C01_S03_B03_L03,Non-Responder,CD163,0,1,2.43075475,248.893887793493
P40020_D01_C01_S03_B03_L03,Non-Responder,CD163,0,0,2.43075475,658.231769371221
P40020_D01_C01_S03_B03_L03,Non-Responder,CD163,1,0,2.43075475,41.5508804415583
P40020_D01_C01_S03_B03_L03,Non-Responder,CD8,0,1,2.43075475,1.64557942342805
P40020_D01_C01_S03_B03_L03,Non-Responder,CD8,0,0,2.43075475,30.031824477562
P40020_D01_C01_S03_B03_L03,Non-Responder,CD8,1,1,2.43075475,0.411394855857013
P40020_D01_C01_S03_B03_L03,Non-Responder,CD8,1,0,2.43075475,28.3862450541339
P40020_D01_C01_S03_B03_L03,Non-Responder,FoxP3,0,1,2.43075475,2.05697427928507
P40020_D01_C01_S03_B03_L03,Non-Responder,FoxP3,1,1,2.43075475,1.23418456757104
P40020_D01_C01_S03_B03_L03,Non-Responder,FoxP3,1,0,2.43075475,168.260496045518
P40020_D01_C01_S03_B03_L03,Non-Responder,FoxP3,0,0,2.43075475,30.854614189276
P40020_D01_C01_S03_B03_L03,Non-Responder,FoxP3CD8,1,1,2.43075475,0.411394855857013
P40020_D01_C01_S03_B03_L03,Non-Responder,Other,0,1,2.43075475,206.108822784364
P40020_D01_C01_S03_B03_L03,Non-Responder,Other,1,1,2.43075475,3.70255370271312
P40020_D01_C01_S03_B03_L03,Non-Responder,Other,0,0,2.43075475,1778.87135672573
P40020_D01_C01_S03_B03_L03,Non-Responder,Other,1,0,2.43075475,321.299382424327
P40020_D01_C01_S03_B03_L03,Non-Responder,Tumor,0,1,2.43075475,274.400368856628
P40020_D01_C01_S03_B03_L03,Non-Responder,Tumor,0,0,2.43075475,1861.15032789713
P40020_D01_C01_S03_B03_L03,Non-Responder,Tumor,1,0,2.43075475,15.6330045225665
P40020_D01_C01_S03_B03_L03,Non-Responder,Tumor,1,1,2.43075475,2.05697427928507
P40021_D01_C01_S01_B01_L01,Non-Responder,CD163,0,0,0.63961925,65.6640649886632
P40021_D01_C01_S01_B01_L01,Non-Responder,CD163,1,1,0.63961925,1.56343011877769
P40021_D01_C01_S01_B01_L01,Non-Responder,CD163,0,1,0.63961925,115.693828789549
P40021_D01_C01_S01_B01_L01,Non-Responder,CD163,1,0,0.63961925,12.5074409502216
P40021_D01_C01_S01_B01_L01,Non-Responder,CD8,0,0,0.63961925,28.1417421379985
P40021_D01_C01_S01_B01_L01,Non-Responder,CD8,0,1,0.63961925,3.12686023755539
P40021_D01_C01_S01_B01_L01,Non-Responder,CD8,1,0,0.63961925,23.4514517816654
P40021_D01_C01_S01_B01_L01,Non-Responder,FoxP3,0,0,0.63961925,45.3394734445532
P40021_D01_C01_S01_B01_L01,Non-Responder,FoxP3,0,1,0.63961925,9.38058071266617
P40021_D01_C01_S01_B01_L01,Non-Responder,FoxP3,1,1,0.63961925,9.38058071266617
P40021_D01_C01_S01_B01_L01,Non-Responder,FoxP3,1,0,0.63961925,131.328129977326
P40021_D01_C01_S01_B01_L01,Non-Responder,Other,1,1,0.63961925,7.81715059388847
P40021_D01_C01_S01_B01_L01,Non-Responder,Other,0,1,0.63961925,556.581122284859
P40021_D01_C01_S01_B01_L01,Non-Responder,Other,0,0,0.63961925,1416.46768761259
P40021_D01_C01_S01_B01_L01,Non-Responder,Other,1,0,0.63961925,279.853991261207
P40021_D01_C01_S01_B01_L01,Non-Responder,Tumor,0,0,0.63961925,3644.35560687081
P40021_D01_C01_S01_B01_L01,Non-Responder,Tumor,1,1,0.63961925,1.56343011877769
P40021_D01_C01_S01_B01_L01,Non-Responder,Tumor,0,1,0.63961925,365.842647793981
P40021_D01_C01_S01_B01_L01,Non-Responder,Tumor,1,0,0.63961925,35.958892731887
P40021_D01_C01_S02_B02_L02,Non-Responder,CD163,1,1,2.94293475,1.35918745735018
P40021_D01_C01_S02_B02_L02,Non-Responder,CD163,0,1,2.94293475,322.807021120669
P40021_D01_C01_S02_B02_L02,Non-Responder,CD163,0,0,2.94293475,118.589105653804
P40021_D01_C01_S02_B02_L02,Non-Responder,CD163,1,0,2.94293475,8.15512474410111
P40021_D01_C01_S02_B02_L02,Non-Responder,CD8,0,0,2.94293475,44.8531860925561
P40021_D01_C01_S02_B02_L02,Non-Responder,CD8,0,1,2.94293475,10.8734996588015
P40021_D01_C01_S02_B02_L02,Non-Responder,CD8,1,1,2.94293475,2.03878118602528
P40021_D01_C01_S02_B02_L02,Non-Responder,CD8,1,0,2.94293475,30.2419209260416
P40021_D01_C01_S02_B02_L02,Non-Responder,FoxP3,1,1,2.94293475,8.15512474410111
P40021_D01_C01_S02_B02_L02,Non-Responder,FoxP3,0,1,2.94293475,10.1939059301264
P40021_D01_C01_S02_B02_L02,Non-Responder,FoxP3,0,0,2.94293475,44.8531860925561
P40021_D01_C01_S02_B02_L02,Non-Responder,FoxP3,1,0,2.94293475,154.607573273583
P40021_D01_C01_S02_B02_L02,Non-Responder,FoxP3CD8,1,0,2.94293475,1.69898432168773
P40021_D01_C01_S02_B02_L02,Non-Responder,Other,1,1,2.94293475,20.3878118602528
P40021_D01_C01_S02_B02_L02,Non-Responder,Other,0,1,2.94293475,702.699915450045
P40021_D01_C01_S02_B02_L02,Non-Responder,Other,0,0,2.94293475,1620.49124602576
P40021_D01_C01_S02_B02_L02,Non-Responder,Other,1,0,2.94293475,375.135738228651
P40021_D01_C01_S02_B02_L02,Non-Responder,Tumor,1,1,2.94293475,1.35918745735018
P40021_D01_C01_S02_B02_L02,Non-Responder,Tumor,0,1,2.94293475,338.437676880196
P40021_D01_C01_S02_B02_L02,Non-Responder,Tumor,0,0,2.94293475,3343.60114508145
P40021_D01_C01_S02_B02_L02,Non-Responder,Tumor,1,0,2.94293475,24.1255773679658
P40022_D01_C01_S01_B01_L01,Responder,CD163,0,0,5.153540375,62.4813189709414
P40022_D01_C01_S01_B01_L01,Responder,CD163,1,1,5.153540375,1.74637226937414
P40022_D01_C01_S01_B01_L01,Responder,CD163,0,1,5.153540375,276.314901287642
P40022_D01_C01_S01_B01_L01,Responder,CD163,1,0,5.153540375,5.04507544485862
P40022_D01_C01_S01_B01_L01,Responder,CD8,1,1,5.153540375,5.43315817138621
P40022_D01_C01_S01_B01_L01,Responder,CD8,0,0,5.153540375,36.6738176568569
P40022_D01_C01_S01_B01_L01,Responder,CD8,0,1,5.153540375,19.0160535998517
P40022_D01_C01_S01_B01_L01,Responder,CD8,1,0,5.153540375,30.6585353956793
P40022_D01_C01_S01_B01_L01,Responder,FoxP3,0,0,5.153540375,21.3445499590173
P40022_D01_C01_S01_B01_L01,Responder,FoxP3,0,1,5.153540375,9.31398543666207
P40022_D01_C01_S01_B01_L01,Responder,FoxP3,1,1,5.153540375,8.34377862034311
P40022_D01_C01_S01_B01_L01,Responder,FoxP3,1,0,5.153540375,64.4217326035793
P40022_D01_C01_S01_B01_L01,Responder,FoxP3CD8,0,0,5.153540375,0.388082726527586
P40022_D01_C01_S01_B01_L01,Responder,FoxP3CD8,1,1,5.153540375,0.194041363263793
P40022_D01_C01_S01_B01_L01,Responder,FoxP3CD8,1,0,5.153540375,2.32849635916552
P40022_D01_C01_S01_B01_L01,Responder,Other,1,1,5.153540375,33.3751144813724
P40022_D01_C01_S01_B01_L01,Responder,Other,0,1,5.153540375,828.556621136397
P40022_D01_C01_S01_B01_L01,Responder,Other,0,0,5.153540375,876.096755136026
P40022_D01_C01_S01_B01_L01,Responder,Other,1,0,5.153540375,270.299619026464
P40022_D01_C01_S01_B01_L01,Responder,Tumor,0,1,5.153540375,230.133056830859
P40022_D01_C01_S01_B01_L01,Responder,Tumor,1,1,5.153540375,4.46295135506724
P40022_D01_C01_S01_B01_L01,Responder,Tumor,0,0,5.153540375,216.744202765657
P40022_D01_C01_S01_B01_L01,Responder,Tumor,1,0,5.153540375,7.37357180402414
P40023_D01_C01_S01_B01_L01,Non-Responder,CD163,0,0,1.9589355,98.0124154164341
P40023_D01_C01_S01_B01_L01,Non-Responder,CD163,0,1,1.9589355,143.955735142888
P40023_D01_C01_S01_B01_L01,Non-Responder,CD163,1,1,1.9589355,0.510481330293928
P40023_D01_C01_S01_B01_L01,Non-Responder,CD163,1,0,1.9589355,4.59433197264535
P40023_D01_C01_S01_B01_L01,Non-Responder,CD8,0,0,1.9589355,20.4192532117571
P40023_D01_C01_S01_B01_L01,Non-Responder,CD8,1,1,1.9589355,1.02096266058786
P40023_D01_C01_S01_B01_L01,Non-Responder,CD8,0,1,1.9589355,4.08385064235142
P40023_D01_C01_S01_B01_L01,Non-Responder,CD8,1,0,1.9589355,17.8668465602875
P40023_D01_C01_S01_B01_L01,Non-Responder,FoxP3,0,1,1.9589355,1.02096266058786
P40023_D01_C01_S01_B01_L01,Non-Responder,FoxP3,1,1,1.9589355,1.53144399088178
P40023_D01_C01_S01_B01_L01,Non-Responder,FoxP3,1,0,1.9589355,70.9569049108559
P40023_D01_C01_S01_B01_L01,Non-Responder,FoxP3,0,0,1.9589355,31.6498424782235
P40023_D01_C01_S01_B01_L01,Non-Responder,Other,1,1,1.9589355,2.55240665146964
P40023_D01_C01_S01_B01_L01,Non-Responder,Other,0,0,1.9589355,2874.00988955481
P40023_D01_C01_S01_B01_L01,Non-Responder,Other,0,1,1.9589355,530.900583505685
P40023_D01_C01_S01_B01_L01,Non-Responder,Other,1,0,1.9589355,254.219702486376
P40023_D01_C01_S01_B01_L01,Non-Responder,Tumor,0,0,1.9589355,1258.33647917453
P40023_D01_C01_S01_B01_L01,Non-Responder,Tumor,1,1,1.9589355,0.510481330293928
P40023_D01_C01_S01_B01_L01,Non-Responder,Tumor,0,1,1.9589355,258.814034459021
P40023_D01_C01_S01_B01_L01,Non-Responder,Tumor,1,0,1.9589355,8.16770128470284
P40024_D01_C01_S01_B01_L01,Responder,CD163,0,0,21.5486945,552.28403743902
P40024_D01_C01_S01_B01_L01,Responder,CD163,0,1,21.5486945,565.556303190432
P40024_D01_C01_S01_B01_L01,Responder,CD163,1,1,21.5486945,0.278439141638024
P40024_D01_C01_S01_B01_L01,Responder,CD163,1,0,21.5486945,1.39219570819012
P40024_D01_C01_S01_B01_L01,Responder,CD8,0,1,21.5486945,129.891859574138
P40024_D01_C01_S01_B01_L01,Responder,CD8,1,1,21.5486945,21.4398139061278
P40024_D01_C01_S01_B01_L01,Responder,CD8,0,0,21.5486945,350.601285845878
P40024_D01_C01_S01_B01_L01,Responder,CD8,1,0,21.5486945,230.037137516614
P40024_D01_C01_S01_B01_L01,Responder,FoxP3,0,1,21.5486945,197.042099232508
P40024_D01_C01_S01_B01_L01,Responder,FoxP3,0,0,21.5486945,294.078140093359
P40024_D01_C01_S01_B01_L01,Responder,FoxP3,1,0,21.5486945,299.832549020545
P40024_D01_C01_S01_B01_L01,Responder,FoxP3,1,1,21.5486945,55.5022022331794
P40024_D01_C01_S01_B01_L01,Responder,FoxP3CD8,0,1,21.5486945,4.31580669538937
P40024_D01_C01_S01_B01_L01,Responder,FoxP3CD8,1,1,21.5486945,1.57782180261547
P40024_D01_C01_S01_B01_L01,Responder,FoxP3CD8,0,0,21.5486945,10.6270939058512
P40024_D01_C01_S01_B01_L01,Responder,FoxP3CD8,1,0,21.5486945,13.8291440346885
P40024_D01_C01_S01_B01_L01,Responder,Other,0,0,21.5486945,6842.92034489607
P40024_D01_C01_S01_B01_L01,Responder,Other,0,1,21.5486945,3522.11592215018
P40024_D01_C01_S01_B01_L01,Responder,Other,1,1,21.5486945,154.023251849433
P40024_D01_C01_S01_B01_L01,Responder,Other,1,0,21.5486945,1205.3166376274
P40024_D01_C01_S01_B01_L01,Responder,Tumor,0,0,21.5486945,18.5162029189286
P40024_D01_C01_S01_B01_L01,Responder,Tumor,0,1,21.5486945,6.54331982849355
P40024_D01_C01_S01_B01_L01,Responder,Tumor,1,0,21.5486945,0.556878283276047
P40028_D01_C01_S01_B01_L01,Responder,CD163,0,0,121.94454,225.684561194786
P40028_D01_C01_S01_B01_L01,Responder,CD163,1,1,121.94454,3.80500840792052
P40028_D01_C01_S01_B01_L01,Responder,CD163,0,1,121.94454,1048.29621728041
P40028_D01_C01_S01_B01_L01,Responder,CD163,1,0,121.94454,5.17448341680571
P40028_D01_C01_S01_B01_L01,Responder,CD8,0,0,121.94454,32.7279925776095
P40028_D01_C01_S01_B01_L01,Responder,CD8,1,1,121.94454,113.756630678176
P40028_D01_C01_S01_B01_L01,Responder,CD8,0,1,121.94454,31.9079476621094
P40028_D01_C01_S01_B01_L01,Responder,CD8,1,0,121.94454,222.0189604225
P40028_D01_C01_S01_B01_L01,Responder,FoxP3,0,0,121.94454,12.6368921478567
P40028_D01_C01_S01_B01_L01,Responder,FoxP3,1,1,121.94454,29.570819652934
P40028_D01_C01_S01_B01_L01,Responder,FoxP3,0,1,121.94454,11.5790342068616
P40028_D01_C01_S01_B01_L01,Responder,FoxP3,1,0,121.94454,53.7047415161023
P40028_D01_C01_S01_B01_L01,Responder,FoxP3CD8,1,1,121.94454,0.418222906905057
P40028_D01_C01_S01_B01_L01,Responder,FoxP3CD8,0,1,121.94454,0.0328017966200045
P40028_D01_C01_S01_B01_L01,Responder,FoxP3CD8,0,0,121.94454,0.0656035932400089
P40028_D01_C01_S01_B01_L01,Responder,FoxP3CD8,1,0,121.94454,1.23006737325017
P40028_D01_C01_S01_B01_L01,Responder,Other,1,1,121.94454,86.2277228648368
P40028_D01_C01_S01_B01_L01,Responder,Other,0,0,121.94454,455.838367179047
P40028_D01_C01_S01_B01_L01,Responder,Other,0,1,121.94454,872.445785600569
P40028_D01_C01_S01_B01_L01,Responder,Other,1,0,121.94454,231.810296713572
P40028_D01_C01_S01_B01_L01,Responder,Tumor,0,1,121.94454,1901.55295185828
P40028_D01_C01_S01_B01_L01,Responder,Tumor,0,0,121.94454,65.767602223109
P40028_D01_C01_S01_B01_L01,Responder,Tumor,1,0,121.94454,10.9886018677015
P40028_D01_C01_S01_B01_L01,Responder,Tumor,1,1,121.94454,31.6209319416843
P40029_D01_C01_S01_B01_L01,Non-Responder,CD163,0,1,14.3390146128217,57.7445537477601
P40029_D01_C01_S01_B01_L01,Non-Responder,CD163,0,0,14.3390146128217,42.8202367163342
P40029_D01_C01_S01_B01_L01,Non-Responder,CD163,1,1,14.3390146128217,0.557918393698165
P40029_D01_C01_S01_B01_L01,Non-Responder,CD163,1,0,14.3390146128217,1.81323477951904
P40029_D01_C01_S01_B01_L01,Non-Responder,CD8,1,1,14.3390146128217,18.4810467912517
P40029_D01_C01_S01_B01_L01,Non-Responder,CD8,0,0,14.3390146128217,32.1500474368568
P40029_D01_C01_S01_B01_L01,Non-Responder,CD8,0,1,14.3390146128217,22.8049143424125
P40029_D01_C01_S01_B01_L01,Non-Responder,CD8,1,0,14.3390146128217,48.0507216572545
P40029_D01_C01_S01_B01_L01,Non-Responder,FoxP3,1,1,14.3390146128217,8.57799530310929
P40029_D01_C01_S01_B01_L01,Non-Responder,FoxP3,0,1,14.3390146128217,6.62528092516571
P40029_D01_C01_S01_B01_L01,Non-Responder,FoxP3,0,0,14.3390146128217,12.0649852637228
P40029_D01_C01_S01_B01_L01,Non-Responder,FoxP3,1,0,14.3390146128217,49.8639564367735
P40029_D01_C01_S01_B01_L01,Non-Responder,FoxP3CD8,0,1,14.3390146128217,0.209219397636812
P40029_D01_C01_S01_B01_L01,Non-Responder,FoxP3CD8,1,1,14.3390146128217,0.418438795273624
P40029_D01_C01_S01_B01_L01,Non-Responder,FoxP3CD8,1,0,14.3390146128217,0.767137791334978
P40029_D01_C01_S01_B01_L01,Non-Responder,FoxP3CD8,0,0,14.3390146128217,0.139479598424541
P40029_D01_C01_S01_B01_L01,Non-Responder,Other,0,0,14.3390146128217,911.917614499651
P40029_D01_C01_S01_B01_L01,Non-Responder,Other,0,1,14.3390146128217,659.599020949656
P40029_D01_C01_S01_B01_L01,Non-Responder,Other,1,1,14.3390146128217,13.8782200432419
P40029_D01_C01_S01_B01_L01,Non-Responder,Other,1,0,14.3390146128217,103.49386203101
P40029_D01_C01_S01_B01_L01,Non-Responder,Tumor,0,1,14.3390146128217,3567.60916850292
P40029_D01_C01_S01_B01_L01,Non-Responder,Tumor,0,0,14.3390146128217,140.874394408787
P40029_D01_C01_S01_B01_L01,Non-Responder,Tumor,1,1,14.3390146128217,30.8249912518236
P40029_D01_C01_S01_B01_L01,Non-Responder,Tumor,1,0,14.3390146128217,9.55435249208108
P40030_D01_C01_S01_B01_L01,Non-Responder,CD163,1,1,5.449585375,0.917500994284359
P40030_D01_C01_S01_B01_L01,Non-Responder,CD163,0,0,5.449585375,690.144247900695
P40030_D01_C01_S01_B01_L01,Non-Responder,CD163,0,1,5.449585375,500.221542083832
P40030_D01_C01_S01_B01_L01,Non-Responder,CD163,1,0,5.449585375,20.1850218742559
P40030_D01_C01_S01_B01_L01,Non-Responder,CD8,0,0,5.449585375,24.9560270445346
P40030_D01_C01_S01_B01_L01,Non-Responder,CD8,1,1,5.449585375,0.550500596570615
P40030_D01_C01_S01_B01_L01,Non-Responder,CD8,0,1,5.449585375,4.77100517027867
P40030_D01_C01_S01_B01_L01,Non-Responder,CD8,1,0,5.449585375,42.2050457370805
P40030_D01_C01_S01_B01_L01,Non-Responder,FoxP3,0,0,5.449585375,57.6190624410577
P40030_D01_C01_S01_B01_L01,Non-Responder,FoxP3,0,1,5.449585375,9.17500994284359
P40030_D01_C01_S01_B01_L01,Non-Responder,FoxP3,1,1,5.449585375,3.85350417599431
P40030_D01_C01_S01_B01_L01,Non-Responder,FoxP3,1,0,5.449585375,121.477131643249
P40030_D01_C01_S01_B01_L01,Non-Responder,FoxP3CD8,1,0,5.449585375,0.183500198856872
P40030_D01_C01_S01_B01_L01,Non-Responder,Other,1,1,5.449585375,10.2760111359848
P40030_D01_C01_S01_B01_L01,Non-Responder,Other,0,1,5.449585375,510.31405302096
P40030_D01_C01_S01_B01_L01,Non-Responder,Other,0,0,5.449585375,2918.57066281855
P40030_D01_C01_S01_B01_L01,Non-Responder,Other,1,0,5.449585375,413.058947626818
P40030_D01_C01_S01_B01_L01,Non-Responder,Tumor,1,1,5.449585375,1.46800159085497
P40030_D01_C01_S01_B01_L01,Non-Responder,Tumor,0,0,5.449585375,838.22890837819
P40030_D01_C01_S01_B01_L01,Non-Responder,Tumor,0,1,5.449585375,309.014334874972
P40030_D01_C01_S01_B01_L01,Non-Responder,Tumor,1,0,5.449585375,16.6985180959753
P40030_D01_C01_S02_B02_L02,Non-Responder,CD163,1,1,1.820236375,0.549379198072558
P40030_D01_C01_S02_B02_L02,Non-Responder,CD163,0,0,1.820236375,465.324180767457
P40030_D01_C01_S02_B02_L02,Non-Responder,CD163,0,1,1.820236375,130.202869943196
P40030_D01_C01_S02_B02_L02,Non-Responder,CD163,1,0,1.820236375,8.79006716916093
P40030_D01_C01_S02_B02_L02,Non-Responder,CD8,1,1,1.820236375,1.64813759421767
P40030_D01_C01_S02_B02_L02,Non-Responder,CD8,0,0,1.820236375,21.4257887248298
P40030_D01_C01_S02_B02_L02,Non-Responder,CD8,0,1,1.820236375,3.29627518843535
P40030_D01_C01_S02_B02_L02,Non-Responder,CD8,1,0,1.820236375,46.6972318361674
P40030_D01_C01_S02_B02_L02,Non-Responder,FoxP3,0,0,1.820236375,52.191023816893
P40030_D01_C01_S02_B02_L02,Non-Responder,FoxP3,0,1,1.820236375,2.19751679229023
P40030_D01_C01_S02_B02_L02,Non-Responder,FoxP3,1,1,1.820236375,1.64813759421767
P40030_D01_C01_S02_B02_L02,Non-Responder,FoxP3,1,0,1.820236375,72.5180541455777
P40030_D01_C01_S02_B02_L02,Non-Responder,FoxP3CD8,1,0,1.820236375,0.549379198072558
P40030_D01_C01_S02_B02_L02,Non-Responder,Other,1,1,1.820236375,4.94441278265302
P40030_D01_C01_S02_B02_L02,Non-Responder,Other,0,1,1.820236375,231.83802158662
P40030_D01_C01_S02_B02_L02,Non-Responder,Other,0,0,1.820236375,3026.53000218172
P40030_D01_C01_S02_B02_L02,Non-Responder,Other,1,0,1.820236375,468.071076757819
P40030_D01_C01_S02_B02_L02,Non-Responder,Tumor,1,1,1.820236375,1.09875839614512
P40030_D01_C01_S02_B02_L02,Non-Responder,Tumor,0,0,1.820236375,540.589130903397
P40030_D01_C01_S02_B02_L02,Non-Responder,Tumor,0,1,1.820236375,148.881762677663
P40030_D01_C01_S02_B02_L02,Non-Responder,Tumor,1,0,1.820236375,15.9319967441042
P40033_D01_C01_S01_B01_L01,Non-Responder,CD163,1,1,131.451052238657,50.6348171935181
P40033_D01_C01_S01_B01_L01,Non-Responder,CD163,0,0,131.451052238657,299.731339757304
P40033_D01_C01_S01_B01_L01,Non-Responder,CD163,0,1,131.451052238657,399.806613221957
P40033_D01_C01_S01_B01_L01,Non-Responder,CD163,1,0,131.451052238657,90.4975639023575
P40033_D01_C01_S01_B01_L01,Non-Responder,CD8,0,0,131.451052238657,30.7795177831993
P40033_D01_C01_S01_B01_L01,Non-Responder,CD8,1,1,131.451052238657,30.5817255285371
P40033_D01_C01_S01_B01_L01,Non-Responder,CD8,0,1,131.451052238657,12.613059931919
P40033_D01_C01_S01_B01_L01,Non-Responder,CD8,1,0,131.451052238657,128.169381021093
P40033_D01_C01_S01_B01_L01,Non-Responder,FoxP3,0,0,131.451052238657,112.330785859298
P40033_D01_C01_S01_B01_L01,Non-Responder,FoxP3,1,1,131.451052238657,48.2537027431619
P40033_D01_C01_S01_B01_L01,Non-Responder,FoxP3,0,1,131.451052238657,34.0659121683555
P40033_D01_C01_S01_B01_L01,Non-Responder,FoxP3,1,0,131.451052238657,225.308200243453
P40033_D01_C01_S01_B01_L01,Non-Responder,FoxP3CD8,1,1,131.451052238657,1.97031515221172
P40033_D01_C01_S01_B01_L01,Non-Responder,FoxP3CD8,0,1,131.451052238657,0.874850357159643
P40033_D01_C01_S01_B01_L01,Non-Responder,FoxP3CD8,0,0,131.451052238657,1.43019014909576
P40033_D01_C01_S01_B01_L01,Non-Responder,FoxP3CD8,1,0,131.451052238657,6.77058102497463
P40033_D01_C01_S01_B01_L01,Non-Responder,Other,0,0,131.451052238657,2038.46219133725
P40033_D01_C01_S01_B01_L01,Non-Responder,Other,0,1,131.451052238657,580.086645952124
P40033_D01_C01_S01_B01_L01,Non-Responder,Other,1,1,131.451052238657,220.720941414173
P40033_D01_C01_S01_B01_L01,Non-Responder,Other,1,0,131.451052238657,1072.27745689014
P40033_D01_C01_S01_B01_L01,Non-Responder,Tumor,0,0,131.451052238657,130.109266595664
P40033_D01_C01_S01_B01_L01,Non-Responder,Tumor,1,1,131.451052238657,403.587488243768
P40033_D01_C01_S01_B01_L01,Non-Responder,Tumor,0,1,131.451052238657,878.790987464066
P40033_D01_C01_S01_B01_L01,Non-Responder,Tumor,1,0,131.451052238657,25.0131128203557
P40034_D01_C01_S01_B01_L01,Non-Responder,CD163,0,0,0.693690527272746,10.0909551518897
P40034_D01_C01_S01_B01_L01,Non-Responder,CD163,0,1,0.693690527272746,72.0782510849265
P40034_D01_C01_S01_B01_L01,Non-Responder,CD163,1,1,0.693690527272746,2.88313004339706
P40034_D01_C01_S01_B01_L01,Non-Responder,CD163,1,0,0.693690527272746,4.32469506509559
P40034_D01_C01_S01_B01_L01,Non-Responder,CD8,0,0,0.693690527272746,1.44156502169853
P40034_D01_C01_S01_B01_L01,Non-Responder,CD8,1,1,0.693690527272746,2.88313004339706
P40034_D01_C01_S01_B01_L01,Non-Responder,CD8,1,0,0.693690527272746,8.64939013019117
P40034_D01_C01_S01_B01_L01,Non-Responder,FoxP3,0,1,0.693690527272746,7.20782510849264
P40034_D01_C01_S01_B01_L01,Non-Responder,FoxP3,1,1,0.693690527272746,7.20782510849264
P40034_D01_C01_S01_B01_L01,Non-Responder,FoxP3,0,0,0.693690527272746,11.5325201735882
P40034_D01_C01_S01_B01_L01,Non-Responder,FoxP3,1,0,0.693690527272746,17.2987802603823
P40034_D01_C01_S01_B01_L01,Non-Responder,Other,1,1,0.693690527272746,2.88313004339706
P40034_D01_C01_S01_B01_L01,Non-Responder,Other,0,0,0.693690527272746,295.520829448198
P40034_D01_C01_S01_B01_L01,Non-Responder,Other,0,1,0.693690527272746,327.235259925566
P40034_D01_C01_S01_B01_L01,Non-Responder,Other,1,0,0.693690527272746,10.0909551518897
P40034_D01_C01_S01_B01_L01,Non-Responder,Tumor,0,1,0.693690527272746,5519.75246808367
P40034_D01_C01_S01_B01_L01,Non-Responder,Tumor,1,1,0.693690527272746,21.6234753254779
P40034_D01_C01_S01_B01_L01,Non-Responder,Tumor,0,0,0.693690527272746,2274.78960424028
P40034_D01_C01_S01_B01_L01,Non-Responder,Tumor,1,0,0.693690527272746,8.64939013019117
P40037_D01_C01_S01_B01_L01,Non-Responder,CD163,0,1,0.226201375,13.2625188507364
P40037_D01_C01_S01_B01_L01,Non-Responder,CD163,1,1,0.226201375,22.1041980845607
P40037_D01_C01_S01_B01_L01,Non-Responder,CD163,1,0,0.226201375,8.84167923382429
P40037_D01_C01_S01_B01_L01,Non-Responder,CD163,0,0,0.226201375,8.84167923382429
P40037_D01_C01_S01_B01_L01,Non-Responder,CD8,0,0,0.226201375,66.3125942536822
P40037_D01_C01_S01_B01_L01,Non-Responder,CD8,0,1,0.226201375,70.7334338705943
P40037_D01_C01_S01_B01_L01,Non-Responder,CD8,1,1,0.226201375,415.558923989741
P40037_D01_C01_S01_B01_L01,Non-Responder,CD8,1,0,0.226201375,530.500754029457
P40037_D01_C01_S01_B01_L01,Non-Responder,FoxP3,0,1,0.226201375,145.887707358101
P40037_D01_C01_S01_B01_L01,Non-Responder,FoxP3,0,0,0.226201375,141.466867741189
P40037_D01_C01_S01_B01_L01,Non-Responder,FoxP3,1,0,0.226201375,733.859376407416
P40037_D01_C01_S01_B01_L01,Non-Responder,FoxP3,1,1,0.226201375,526.079914412545
P40037_D01_C01_S01_B01_L01,Non-Responder,FoxP3CD8,1,1,0.226201375,4.42083961691214
P40037_D01_C01_S01_B01_L01,Non-Responder,FoxP3CD8,0,1,0.226201375,4.42083961691214
P40037_D01_C01_S01_B01_L01,Non-Responder,FoxP3CD8,1,0,0.226201375,17.6833584676486
P40037_D01_C01_S01_B01_L01,Non-Responder,Other,0,1,0.226201375,3010.59177911717
P40037_D01_C01_S01_B01_L01,Non-Responder,Other,0,0,0.226201375,1786.01920523251
P40037_D01_C01_S01_B01_L01,Non-Responder,Other,1,1,0.226201375,4920.39449362322
P40037_D01_C01_S01_B01_L01,Non-Responder,Other,1,0,0.226201375,3567.6175708481
P40037_D01_C01_S01_B01_L01,Non-Responder,Tumor,1,1,0.226201375,172.412745059574
P40037_D01_C01_S01_B01_L01,Non-Responder,Tumor,0,1,0.226201375,667.546782153734
P40037_D01_C01_S01_B01_L01,Non-Responder,Tumor,0,0,0.226201375,17.6833584676486
P40037_D01_C01_S01_B01_L01,Non-Responder,Tumor,1,0,0.226201375,30.945877318385
P40038_D01_C01_S01_B01_L01,Non-Responder,CD163,0,1,2.930487375,26.2754928265132
P40038_D01_C01_S01_B01_L01,Non-Responder,CD163,1,1,2.930487375,3.41240166578094
P40038_D01_C01_S01_B01_L01,Non-Responder,CD163,0,0,2.930487375,74.0491161474463
P40038_D01_C01_S01_B01_L01,Non-Responder,CD163,1,0,2.930487375,11.6021656636552
P40038_D01_C01_S01_B01_L01,Non-Responder,CD8,1,1,2.930487375,1.36496066631237
P40038_D01_C01_S01_B01_L01,Non-Responder,CD8,0,1,2.930487375,1.36496066631237
P40038_D01_C01_S01_B01_L01,Non-Responder,CD8,0,0,2.930487375,19.1094493283732
P40038_D01_C01_S01_B01_L01,Non-Responder,CD8,1,0,2.930487375,26.6167329930913
P40038_D01_C01_S01_B01_L01,Non-Responder,FoxP3,0,0,2.930487375,53.5747061527607
P40038_D01_C01_S01_B01_L01,Non-Responder,FoxP3,0,1,2.930487375,0.682480333156187
P40038_D01_C01_S01_B01_L01,Non-Responder,FoxP3,1,1,2.930487375,8.53100416445234
P40038_D01_C01_S01_B01_L01,Non-Responder,FoxP3,1,0,2.930487375,128.306302633363
P40038_D01_C01_S01_B01_L01,Non-Responder,FoxP3CD8,1,0,2.930487375,1.02372049973428
P40038_D01_C01_S01_B01_L01,Non-Responder,FoxP3CD8,0,0,2.930487375,0.341240166578094
P40038_D01_C01_S01_B01_L01,Non-Responder,Other,0,0,2.930487375,3651.95226271876
P40038_D01_C01_S01_B01_L01,Non-Responder,Other,1,1,2.930487375,20.8156501612637
P40038_D01_C01_S01_B01_L01,Non-Responder,Other,0,1,2.930487375,563.046274853854
P40038_D01_C01_S01_B01_L01,Non-Responder,Other,1,0,2.930487375,218.39370660998
P40038_D01_C01_S01_B01_L01,Non-Responder,Tumor,1,1,2.930487375,1.70620083289047
P40038_D01_C01_S01_B01_L01,Non-Responder,Tumor,0,1,2.930487375,702.613502984295
P40038_D01_C01_S01_B01_L01,Non-Responder,Tumor,0,0,2.930487375,1122.33890787535
P40038_D01_C01_S01_B01_L01,Non-Responder,Tumor,1,0,2.930487375,8.18976399787424
